seed,suggestion,niche
como funciona aeroporto,como funciona aeroporto,"Logística, portos e aeroportos"
como funciona aeroporto,como funciona o aeroporto de guarulhos,"Logística, portos e aeroportos"
como funciona aeroporto,como funciona embarque aeroporto,"Logística, portos e aeroportos"
como funciona aeroporto,como funciona o aeroporto de congonhas,"Logística, portos e aeroportos"
como funciona aeroporto,como funciona o aeroporto de porto alegre,"Logística, portos e aeroportos"
como funciona aeroporto,como funciona sala vip aeroporto,"Logística, portos e aeroportos"
como funciona aeroporto,como funciona raio x aeroporto,"Logística, portos e aeroportos"
como funciona aeroporto,como funciona fila uber aeroporto,"Logística, portos e aeroportos"
como funciona aeroporto,como funciona malas no aeroporto,"Logística, portos e aeroportos"
como funciona aeroporto,como funciona check in aeroporto,"Logística, portos e aeroportos"
como funciona porto,como funciona porton electrico,"Logística, portos e aeroportos"
como funciona porto,como funciona porton levadizo,"Logística, portos e aeroportos"
como funciona porto,como funciona o porto de santos,"Logística, portos e aeroportos"
como funciona porto,como funciona um porto,"Logística, portos e aeroportos"
como funciona porto,como funciona consorcio porto seguro,"Logística, portos e aeroportos"
como funciona porto,como funciona tag porto seguro,"Logística, portos e aeroportos"
como funciona porto,como funciona o porto last day on earth,"Logística, portos e aeroportos"
como funciona porto,como funciona um porto seco,"Logística, portos e aeroportos"
como funciona porto,como funciona o porto da china,"Logística, portos e aeroportos"
como funciona porto,como funcionam os portos do brasil,"Logística, portos e aeroportos"
como funciona energia,como funciona energia solar,Energia e rede elétrica
como funciona energia,como funciona energia solar residencial,Energia e rede elétrica
como funciona energia,como funciona energia eolica,Energia e rede elétrica
como funciona energia,como funciona energia nuclear,Energia e rede elétrica
como funciona energia,como funciona energia solar por assinatura,Energia e rede elétrica
como funciona energia,como funciona energia trifasica,Energia e rede elétrica
como funciona energia,como funciona energia eletrica,Energia e rede elétrica
como funciona energia,como funciona energia fotovoltaica,Energia e rede elétrica
como funciona energia,como funciona energia por assinatura,Energia e rede elétrica
como funciona energia,como funciona energia,Energia e rede elétrica
como funciona rede elétrica,como funciona a rede elétrica,Energia e rede elétrica
como funciona rede elétrica,como funciona a rede eletrica de uma residencia,Energia e rede elétrica
como funciona saneamento,como funciona o saneamento basico,"Água, saneamento e clima"
como funciona esgoto,como funciona esgoto,"Água, saneamento e clima"
como funciona esgoto,como funciona esgoto residencial,"Água, saneamento e clima"
como funciona esgoto,como funciona o esgoto de uma casa,"Água, saneamento e clima"
como funciona esgoto,como funciona o esgoto de uma cidade,"Água, saneamento e clima"
como funciona esgoto,como funciona o esgoto de veneza,"Água, saneamento e clima"
como funciona esgoto,como funciona tratamento de esgoto,"Água, saneamento e clima"
como funciona esgoto,como funciona rede de esgoto,"Água, saneamento e clima"
como funciona esgoto,como funciona caixa de esgoto,"Água, saneamento e clima"
como funciona esgoto,como funciona bomba de esgoto,"Água, saneamento e clima"
como funciona esgoto,como funciona a rede de esgoto de uma cidade,"Água, saneamento e clima"
como funciona água,como funciona agua de poço,"Água, saneamento e clima"
como funciona água,como funciona agua no motor,"Água, saneamento e clima"
como funciona água,como funciona a água no nosso corpo,"Água, saneamento e clima"
como funciona água,como funciona a fritadeira água e óleo,"Água, saneamento e clima"
como funciona água,como funciona caixa d'água,"Água, saneamento e clima"
como funciona água,como funciona purificador de água electrolux,"Água, saneamento e clima"
como funciona água,como funciona bomba d'água,"Água, saneamento e clima"
como funciona água,como funciona roda d'água,"Água, saneamento e clima"
como funciona água,como funciona hidrômetro de água,"Água, saneamento e clima"
como funciona água,como funciona pressurizador de água,"Água, saneamento e clima"
como funciona dinheiro,como funciona dinheiro a juros,"Finanças, dinheiro e impostos"
como funciona dinheiro,como funciona dinheiro,"Finanças, dinheiro e impostos"
como funciona dinheiro,como funciona dinheiro na nota,"Finanças, dinheiro e impostos"
como funciona dinheiro,como funciona dinheiro extra no mercado pago,"Finanças, dinheiro e impostos"
como funciona dinheiro,como dinheiro funciona o segredo para sair,"Finanças, dinheiro e impostos"
como funciona dinheiro,como funciona guardar dinheiro na caixinha do nubank,"Finanças, dinheiro e impostos"
como funciona dinheiro,como funciona ganhar dinheiro no tiktok,"Finanças, dinheiro e impostos"
como funciona dinheiro,como funciona ganhar dinheiro pelo youtube,"Finanças, dinheiro e impostos"
como funciona dinheiro,como funciona o dinheiro expresso do mercado pago,"Finanças, dinheiro e impostos"
como funciona dinheiro,como funciona guardar dinheiro no santander,"Finanças, dinheiro e impostos"
como funciona banco central,como funciona banco central,"Finanças, dinheiro e impostos"
como funciona banco central,como funciona o banco central do brasil,"Finanças, dinheiro e impostos"
como funciona banco central,como funciona o registrato do banco central,"Finanças, dinheiro e impostos"
como funciona banco central,como funciona a taxa de juros do banco central,"Finanças, dinheiro e impostos"
como funciona banco central,como funciona el banco central de reserva del peru,"Finanças, dinheiro e impostos"
como funciona banco central,como funciona el banco central de la republica argentina,"Finanças, dinheiro e impostos"
como funciona banco central,como funciona el banco central europeo,"Finanças, dinheiro e impostos"
como funciona banco central,como funciona el banco central de chile,"Finanças, dinheiro e impostos"
como funciona imposto,como funciona imposto de renda,"Finanças, dinheiro e impostos"
como funciona imposto,como funciona imposto de renda 2026,"Finanças, dinheiro e impostos"
como funciona imposto,como funciona imposto de renda para mei,"Finanças, dinheiro e impostos"
como funciona imposto,como funciona imposto,"Finanças, dinheiro e impostos"
como funciona imposto,como funciona imposto de renda 2025,"Finanças, dinheiro e impostos"
como funciona imposto,como funciona impostos no brasil,"Finanças, dinheiro e impostos"
como funciona imposto,como funciona imposto de renda pessoa fisica,"Finanças, dinheiro e impostos"
como funciona imposto,como funciona imposto lucro real,"Finanças, dinheiro e impostos"
como funciona pix,como funciona pix parcelado,"Finanças, dinheiro e impostos"
como funciona pix,como funciona pix agendado,"Finanças, dinheiro e impostos"
como funciona pix,como funciona pix parcelado picpay,"Finanças, dinheiro e impostos"
como funciona pix,como funciona pix do milhão,"Finanças, dinheiro e impostos"
como funciona pix,como funciona pix no credito nubank,"Finanças, dinheiro e impostos"
como funciona pix,como funciona pix parcelado aliexpress,"Finanças, dinheiro e impostos"
como funciona pix,como funciona pixway,"Finanças, dinheiro e impostos"
como funciona pix,como funciona pix no crédito,"Finanças, dinheiro e impostos"
como funciona pix,como funciona pix por aproximação,"Finanças, dinheiro e impostos"
como funciona pix,como funciona pix automático,"Finanças, dinheiro e impostos"
golpe pix,golpe pix,"Finanças, dinheiro e impostos"
golpe pix,golpe pix errado,"Finanças, dinheiro e impostos"
golpe pix,golpe pix agendado,"Finanças, dinheiro e impostos"
golpe pix,golpe pix estorno,"Finanças, dinheiro e impostos"
golpe pix,golpe pix falso,"Finanças, dinheiro e impostos"
golpe pix,golpe pix nubank,"Finanças, dinheiro e impostos"
golpe pix,golpe pix tiktok,"Finanças, dinheiro e impostos"
golpe pix,golpe pix venda de carro,"Finanças, dinheiro e impostos"
golpe pix,golpe pix contestado,"Finanças, dinheiro e impostos"
golpe pix,golpe pix olx,"Finanças, dinheiro e impostos"
inteligência artificial,inteligência artificial,"IA, tecnologia e software"
inteligência artificial,inteligência artificial podcast,"IA, tecnologia e software"
inteligência artificial,inteligência artificial videos,"IA, tecnologia e software"
inteligência artificial,inteligência artificial filme,"IA, tecnologia e software"
inteligência artificial,inteligência artificial gratis,"IA, tecnologia e software"
inteligência artificial,inteligência artificial que cria videos,"IA, tecnologia e software"
inteligência artificial,inteligência artificial de bebê,"IA, tecnologia e software"
inteligência artificial,inteligência artificial para criar imagens,"IA, tecnologia e software"
inteligência artificial,inteligência artificial geral,"IA, tecnologia e software"
inteligência artificial,inteligência artificial musica,"IA, tecnologia e software"
como funciona ia,como funciona ia,"IA, tecnologia e software"
como funciona ia,como funciona ia generativa,"IA, tecnologia e software"
como funciona ia,como funciona ia no whatsapp,"IA, tecnologia e software"
como funciona ia,como funciona iatf em bovinos,"IA, tecnologia e software"
como funciona ia,como funciona ia gemini,"IA, tecnologia e software"
como funciona ia,como funciona iadb,"IA, tecnologia e software"
como funciona ia,como funciona iansã,"IA, tecnologia e software"
como funciona ia,como funciona uma carta de credito,"IA, tecnologia e software"
como funciona ia,como funciona uma usina hidrelétrica,"IA, tecnologia e software"
como funciona ia,como funciona uma usina nuclear,"IA, tecnologia e software"
cibersegurança,cibersegurança,Cibersegurança e golpes
cibersegurança,cibersegurança curso,Cibersegurança e golpes
cibersegurança,cibersegurança vale a pena,Cibersegurança e golpes
cibersegurança,cibersegurança por onde começar,Cibersegurança e golpes
cibersegurança,cibersegurança na pratica,Cibersegurança e golpes
cibersegurança,cibersegurança para iniciantes,Cibersegurança e golpes
cibersegurança,cibersegurança do zero,Cibersegurança e golpes
cibersegurança,cibersegurança o que é,Cibersegurança e golpes
cibersegurança,cibersegurança 2026,Cibersegurança e golpes
cibersegurança,cibersegurança salario,Cibersegurança e golpes
data center,data center,"IA, tecnologia e software"
data center,data centers,"IA, tecnologia e software"
data center,data center brasil,"IA, tecnologia e software"
data center,data center google,"IA, tecnologia e software"
data center,data centers no brasil,"IA, tecnologia e software"
data center,data center ceara,"IA, tecnologia e software"
data center,data center manual do mundo,"IA, tecnologia e software"
data center,data center agua,"IA, tecnologia e software"
data center,data center tiktok,"IA, tecnologia e software"
data center,data center ai,"IA, tecnologia e software"
energia solar,energia solar,Energia e rede elétrica
energia solar,energia solar off grid,Energia e rede elétrica
energia solar,energia solar vale a pena,Energia e rede elétrica
energia solar,energia solar como funciona,Energia e rede elétrica
energia solar,energia solar com bateria,Energia e rede elétrica
energia solar,energia solar caseiro,Energia e rede elétrica
energia solar,energia solar on grid,Energia e rede elétrica
energia solar,energia solar em casa,Energia e rede elétrica
energia solar,energia solar para ar condicionado,Energia e rede elétrica
energia solar,energia solar 2026,Energia e rede elétrica
hidrogênio verde,hidrogênio verde,Energia e rede elétrica
hidrogênio verde,hidrogênio verde no brasil,Energia e rede elétrica
hidrogênio verde,hidrogênio verde como funciona,Energia e rede elétrica
hidrogênio verde,hidrogênio verde ceará,Energia e rede elétrica
hidrogênio verde,hidrogênio verde no piauí,Energia e rede elétrica
hidrogênio verde,hidrogenio verde como é produzido,Energia e rede elétrica
hidrogênio verde,hidrogenio verde experimento,Energia e rede elétrica
hidrogênio verde,hidrogenio verde azul e cinza,Energia e rede elétrica
hidrogênio verde,hidrogenio verde manual do mundo,Energia e rede elétrica
hidrogênio verde,eletrólise hidrogênio verde,Energia e rede elétrica
agronegócio tecnologia,tecnologia agronegócio,"IA, tecnologia e software"
agronegócio tecnologia,agronegócio,"IA, tecnologia e software"
logística brasil,logística brasileira,"Logística, portos e aeroportos"
logística brasil,logistica brasil,"Logística, portos e aeroportos"
logística brasil,logistica exercito brasileiro,"Logística, portos e aeroportos"
logística brasil,logística,"Logística, portos e aeroportos"
logística brasil,logística e transporte,"Logística, portos e aeroportos"
crise hídrica,crise hídrica,"Água, saneamento e clima"
crise hídrica,crise hídrica no brasil,"Água, saneamento e clima"
crise hídrica,crise hidrica no irã,"Água, saneamento e clima"
crise hídrica,crise hídrica no brasil redação,"Água, saneamento e clima"
crise hídrica,crise hidrica sao paulo,"Água, saneamento e clima"
crise hídrica,crise hidrica documentario,"Água, saneamento e clima"
crise hídrica,crise hidrica sp,"Água, saneamento e clima"
crise hídrica,crise hidrica 2025,"Água, saneamento e clima"
crise hídrica,crise hidrica 2014,"Água, saneamento e clima"
crise hídrica,crise hidrica,"Água, saneamento e clima"
carro elétrico,carro elétrico,Documentário/curiosidade geral
carro elétrico,carro elétrico infantil,Documentário/curiosidade geral
carro elétrico,carro elétrico da chevrolet,Documentário/curiosidade geral
carro elétrico,carro elétrico byd,Documentário/curiosidade geral
carro elétrico,carro elétrico mais barato do brasil,Documentário/curiosidade geral
carro elétrico,carro elétrico caseiro,Documentário/curiosidade geral
carro elétrico,carro elétrico vale a pena,Documentário/curiosidade geral
carro elétrico,carro elétrico de criança,Documentário/curiosidade geral
carro elétrico,carro elétrico para criança,Documentário/curiosidade geral
carro elétrico,carro elétrico para uber,Documentário/curiosidade geral
mineração brasil,mineração brasil colonial,"Agro, alimentos e indústria"
mineração brasil,mineração brasil,"Agro, alimentos e indústria"
mineração brasil,mineração brasilia rp,"Agro, alimentos e indústria"
mineração brasil,mineração brasileira,"Agro, alimentos e indústria"
mineração brasil,mineração no brasil geografia,"Agro, alimentos e indústria"
mineração brasil,mineração no brasil colonial resumo,"Agro, alimentos e indústria"
mineração brasil,mineração fazenda brasileiro,"Agro, alimentos e indústria"
mineração brasil,mineração no brasil 7 ano,"Agro, alimentos e indústria"
mineração brasil,kinross brasil mineração,"Agro, alimentos e indústria"
mineração brasil,discovery brasil mineração,"Agro, alimentos e indústria"
