canal,video,url,duracao_segundos,cortes_primeiros_60s,plano_medio_segundos,plano_mediano_segundos,palavras_por_minuto,lufs_integrado,loudness_range
Atomic Shrimp,Anatomy of Scam Emails - How To Recognise A Phishing Scam Message,https://www.youtube.com/watch?v=3gpOM9c6mmA,652.65,3,25.10,13.08,194.2,-17.5,4.2
Banco Central do Brasil,BC te Explica #125 - Como funciona o golpe do Pix errado ou devolução do Pix!,https://www.youtube.com/watch?v=srmMQwAGoQU,143.64,27,2.35,2.24,, -25.7,3.2
BBC News Brasil,Hackers contam como enganam vítimas no golpe do Pix; saiba como se proteger,https://www.youtube.com/watch?v=JEP9pmN2GEM,392.84,16,4.57,2.88,,-23.0,4.9
Coffeezilla,Scammer Begged Me Not To Investigate...,https://www.youtube.com/watch?v=9dcCzK3ExnM,752.85,11,7.24,4.99,184.7,-16.8,5.4
fern,"How Hackers Stole $1,000,000,000 From Banks",https://www.youtube.com/watch?v=WyQ7z8BMwwk,850.80,27,4.11,3.00,168.1,-17.1,5.5
g1,Fantástico: Como funciona o golpe da falsa central bancária,https://www.youtube.com/watch?v=y_SsYor1tsA,456.67,15,4.35,3.43,153.7,-24.7,4.2
Jim Browning,Inside a scam call center,https://www.youtube.com/watch?v=xb_rgQ4IDS8,948.13,8,6.12,1.30,144.7,-20.6,8.8
Pleasant Green,I Worked in an Anti-Scam Call Center!,https://www.youtube.com/watch?v=Gie6wkJ2K1c,627.63,25,3.17,2.59,172.7,-19.0,11.0
TecMundo,Os 3 golpes de Pix mais comuns,https://www.youtube.com/watch?v=2OwABbFf_d8,436.90,4,13.65,9.39,183.9,-21.2,4.9
